preferred_org_name,org_name_name,org_name_acronym,preferred_name,name_preferred,status,repository_status,year_established,date_created,date_created_month_year
California Institute of Technology,California Institute of Technology,Caltech,11th Joint Symposium on Neural Computation,name,accepted,withdrawn_from_use,,8/3/2006 10:10,2006-08
American College of Healthcare Sciences,American College of Healthcare Sciences,,"ACHS, Theses and Capstone Projects",acronym,partially_processed,trial,,7/21/2015 10:20,2015-07
Northwestern University,Northwestern University,,ARCH,name,accepted,fully_functional,,3/19/2019 11:13,2019-03
Arizona State University,Arizona State University,,ASU Digital Repository,name,accepted,fully_functional,,11/12/2012 15:33,2012-11
Auburn University,Auburn University,,AUrora,acronym,partially_processed,fully_functional,,3/27/2014 11:00,2014-03
Stony Brook University,Stony Brook University,,Academic Commons - Stony Brook University,name,accepted,fully_functional,,3/20/2019 12:03,2019-03
Rich Ackerman,Rich Ackerman,,Ackerman Archives,name,accepted,not_accepting_deposits,2002,9/2/2006 9:09,2006-09
New York University,New York University,NYU,Afganistan Digital Library,name,accepted,fully_functional,,1/3/2008 10:10,2008-01
University of Minnesota,University of Minnesota,U of M,AgEcon Search,name,accepted,fully_functional,2003,8/3/2006 11:11,2006-08
University of Alaska Fairbanks,University of Alaska Fairbanks,,Alaskas Digital Archives,name,accepted,fully_functional,2007,7/20/2007 9:09,2007-07
Alfred University,Alfred University,,Alfred University Research and Archives,name,partially_processed,fully_functional,,12/5/2017 11:15,2017-12
Allegheny College,Allegheny College,,Allegheny College Digital Repository,name,partially_processed,fully_functional,,9/5/2017 10:55,2017-09
Detroit Area Library Network,Detroit Area Library Network,DALNET,Allen Park Veterans Administration Hospital Archives,name,accepted,fully_functional,,9/23/2008 14:14,2008-09
Library of Congress,Library of Congress,LC,American Memory,name,accepted,fully_functional,1994,8/3/2006 12:12,2006-08
Mineralogical Society of America,Mineralogical Society of America,,American Mineralogist Crystal Structure Database,name,accepted,fully_functional,,8/3/2006 12:12,2006-08
American Museum of Natural History,American Museum of Natural History,AMNH,American Museum of Natural History Scientific Publications,name,accepted,fully_functional,,8/3/2006 12:12,2006-08
Angelo State University,Angelo State University,,Angelo State University Digital Repository,name,accepted,fully_functional,,1/31/2019 10:40,2019-01
University of Pittsburgh,University of Pittsburgh,UP,Aphasiology Archive,name,accepted,fully_functional,,8/3/2006 12:12,2006-08
Virginia Polytechnic Institute and State University,Virginia Polytechnic Institute and State University,Virginia Tech,April 16 Archive,name,accepted,fully_functional,,6/7/2007 11:11,2007-06
University of Kansas Medical Center,University of Kansas Medical Center,,Archie,acronym,accepted,fully_functional,,7/16/2009 10:10,2009-07
University of Kansas Medical Center,University of Kansas Medical Center,,Archie Digital Repository,name,accepted,replaced_by_new_url,,2/3/2009 13:13,2009-02
University of Pittsburgh,University of Pittsburgh,UP,Archive of European Integration,name,accepted,fully_functional,2003,2/15/2006 11:18,2006-02
University of California  Los Angeles,"University of California, Los Angeles",,Archive of Popular American Music,name,accepted,fully_functional,,9/2/2006 12:12,2006-09
New York University,New York University,NYU,Archive@NYU,acronym,accepted,fully_functional,2006,3/1/2007 12:12,2007-03
University of Mary Washington,University of Mary Washington,,Archives @ UMW,acronym,accepted,fully_functional,,3/27/2009 14:14,2009-03
California Institute of Technology,California Institute of Technology,Caltech,Association for the Scientific Study of Consciousness ePrints Archive,name,accepted,fully_functional,,8/3/2006 15:15,2006-08
University of Georgia,University of Georgia,,Athenaeum@UGA,name,accepted,fully_functional,,2/7/2012 13:13,2012-02
Auburn University,Auburn University,,Auburn University Digital Library,name,accepted,withdrawn_from_use,,9/4/2006 10:10,2006-09
Baylor University,Baylor University,,BEAR docs,acronym,accepted,fully_functional,,2/5/2009 12:12,2009-02
Brigham Young University,Brigham Young University,BYU,BYU ScholarsArchive,name,accepted,fully_functional,,11/10/2008 9:09,2008-11
Ball State University,Ball State University,BSU,Ball State University Digital Media Repository,name,accepted,fully_functional,,8/25/2006 10:10,2006-08
Bard College,Bard College,,Bard Digital Commons,name,partially_processed,fully_functional,,9/26/2012 16:38,2012-09
Berkeley Electronic Press,Berkeley Electronic Press,Bepress,Berkeley Electronic Press,name,accepted,withdrawn_from_use,1999,8/23/2006 12:12,2006-08
New York University,New York University,NYU,Berman Jewish Policy Archive @ NYU Wagner,name,accepted,fully_functional,,3/30/2010 10:10,2010-03
Biodiversity Heritage Library,Biodiversity Heritage Library,,Biodiversity Heritage Library OAI Repository,name,accepted,fully_functional,,9/7/2011 16:16,2011-09
University of Wisconsin Systems,University of Wisconsin Systems,UW,Biological Magnetic Resonance Data Bank,name,partially_processed,fully_functional,,1/27/2014 17:13,2014-01
University of Detroit Mercy,University of Detroit Mercy,,Black Abolitionist Archive,name,accepted,fully_functional,,9/23/2008 15:15,2008-09
Boise State University,Boise State University,,Boise State University - ScholarWorks,name,accepted,fully_functional,,7/21/2009 9:09,2009-07
Boston College,Boston College,BC,Boston College University Libraries Digital Collections,name,accepted,fully_functional,,8/26/2006 10:10,2006-08
Missouri Botanical Garden,Missouri Botanical Garden,,Botanicus Digital Library,name,accepted,fully_functional,,8/26/2014 11:41,2014-08
Brandeis University,Brandeis University,,Brandeis University Digital Collections,name,accepted,fully_functional,,1/29/2008 16:16,2008-01
Lehigh University,Lehigh University,,Bridge of the Nineteenth Century,name,accepted,trial,,9/23/2008 11:11,2008-09
California State Polytechnic University  Pomona,"California State Polytechnic University, Pomona",,Bronco Scholar,name,accepted,fully_functional,2014,3/25/2019 11:56,2019-03
Brown University,Brown University,,Brown Digital Repository,name,partially_processed,fully_functional,,9/6/2016 14:02,2016-09
Washington &amp; Jefferson College,Washington &amp; Jefferson College,,CAPL,acronym,accepted,fully_functional,,1/11/2010 16:16,2010-01
National Science Foundation,National Science Foundation,NSF,CAUSEweb.org,acronym,accepted,fully_functional,,8/26/2006 14:14,2006-08
Coastal Carolina University,Coastal Carolina University,,CCU Digital Commons,name,accepted,fully_functional,,1/31/2019 10:15,2019-01
Centers for Disease Control and Prevention,Centers for Disease Control and Prevention,CDC,CDC Stacks,name,partially_processed,fully_functional,,3/22/2017 11:01,2017-03
Center for Jewish History,Center for Jewish History,,CJH Digital Collections,acronym,accepted,fully_functional,,5/9/2007 15:15,2007-05
Denison University,Denison University,,CONTENTdm Collection - Denison University,name,accepted,withdrawn_from_use,,8/26/2006 18:18,2006-08
Wright State University,Wright State University,,CORE,name,accepted,fully_functional,,8/1/2008 13:13,2008-08
Indiana Clinical Translational Sciences Institute,Indiana Clinical Translational Sciences Institute,,CORUS,name,partially_processed,technically_malfunctioning,,12/6/2013 11:07,2013-12
Columbus State University,Columbus State University,CSU,CSU ePress,name,accepted,fully_functional,,2/13/2019 16:04,2019-02
California State University Northridge,California State University Northridge,,CSUN ScholarWorks,name,accepted,fully_functional,,9/11/2013 15:57,2013-09
California State University San Bernardino,California State University San Bernardino,,CSUSB ScholarWorks,name,partially_processed,fully_functional,,11/7/2016 15:48,2016-11
University of Colorado Boulder,University of Colorado Boulder,,CU Scholar Institutional Repository,name,accepted,fully_functional,,9/6/2016 13:45,2016-09
City University of New York,City University of New York,,CUNY Academic Works,name,partially_processed,fully_functional,,5/13/2015 15:15,2015-05
California Institute of Technology,California Institute of Technology,Caltech,CalTech Engineering and Science Online,name,accepted,fully_functional,,1/4/2006 14:47,2006-01
Naval Postgraduate School,Naval Postgraduate School,,"Calhoun, Institutional Archive of the Naval Postgraduate School",name,accepted,fully_functional,,9/2/2013 11:37,2013-09
California State University Channel Islands,California State University Channel Islands,CSUCI,California State University Channel Islands Institutional Repository,name,accepted,fully_functional,,5/3/2007 16:16,2007-05
California Institute of Technology,California Institute of Technology,Caltech,Caltech Archives Finding Aids Online,name,accepted,withdrawn_from_use,,8/3/2006 15:15,2006-08
California Institute of Technology,California Institute of Technology,Caltech,Caltech Archives Oral Histories Online,name,accepted,fully_functional,,8/3/2006 15:15,2006-08
California Institute of Technology,California Institute of Technology,Caltech,Caltech Authors,name,accepted,fully_functional,,1/4/2006 14:45,2006-01
California Institute of Technology,California Institute of Technology,Caltech,Caltech Theses and Dissertations,name,accepted,fully_functional,1996,1/4/2006 14:46,2006-01
California Institute of Technology,California Institute of Technology,Caltech,CaltechCONF,name,accepted,fully_functional,,5/8/2012 11:52,2012-05
California Institute of Technology,California Institute of Technology,Caltech,CaltechSOLIDS,name,accepted,withdrawn_from_use,,3/11/2008 10:10,2008-03
Ball State University,Ball State University,BSU,Cardinal Scholar,name,accepted,fully_functional,,3/7/2012 10:10,2012-03
Duke University Press,Duke University Press,,Carlyle Letters Online: A Victorian Cultural Reference,name,accepted,fully_functional,,9/18/2007 14:14,2007-09
University of North Carolina at Chapel Hill,University of North Carolina at Chapel Hill,,Carolina Digital Repository,name,accepted,fully_functional,,1/6/2011 16:16,2011-01
Carroll College,Carroll College,,Carroll Scholars,name,accepted,fully_functional,,3/18/2019 9:45,2019-03
University of Pennsylvania,University of Pennsylvania,Penn,Celebration of Women Writers,name,accepted,fully_functional,1994,8/26/2006 15:15,2006-08
Central Connecticut State University,Central Connecticut State University,CCSU,Central Connecticut State University Digital Collections,name,accepted,fully_functional,,1/4/2006 14:58,2006-01
Institute of Museum and Library Services,Institute of Museum and Library Services,,Central Florida Memory,name,accepted,fully_functional,2002,8/26/2006 17:17,2006-08
Central Michigan University,Central Michigan University,CMU,Central Michigan University's Online Digital Object Repository (CONDOR),name,accepted,fully_functional,,4/24/2008 15:15,2008-04
Chapman University,Chapman University,,Chapman University Digital Commons,name,partially_processed,fully_functional,,3/24/2015 11:40,2015-03
University of Chicago,University of Chicago,,Chopin Early Editions,name,accepted,fully_functional,,9/23/2008 10:10,2008-09
Claremont University Consortium,Claremont University Consortium,,Claremont Colleges Digital Library,name,accepted,fully_functional,,9/15/2008 16:16,2008-09
Cold Spring Harbor Laboratory,Cold Spring Harbor Laboratory,,Cold Spring Harbor Laboratory Institutional Repository,name,partially_processed,fully_functional,,5/13/2014 10:04,2014-05
Berkeley Electronic Press,Berkeley Electronic Press,Bepress,Collection Of Biostatistics Research Archive,name,accepted,fully_functional,,3/24/2009 14:14,2009-03
Metropolitan Museum of Art,Metropolitan Museum of Art,,Collections Online,name,accepted,fully_functional,,10/7/2008 11:11,2008-10
Northern Arizona University,Northern Arizona University,,Colorado Plateau Digital Archives,name,accepted,fully_functional,,8/27/2006 9:09,2006-08
Columbia University,Columbia University,,Columbia University Academic Commons,name,accepted,fully_functional,,8/12/2008 10:10,2008-08
Command and General Staff College,Command and General Staff College,CGSC,Combined Arms Research Library Digital Library,name,accepted,fully_functional,,8/21/2006 11:11,2006-08
Pacific University,Pacific University,,CommonKnowledge,name,partially_processed,fully_functional,,10/3/2013 17:04,2013-10
Linn-Benton Community College,Linn-Benton Community College,,Community Archive @ LBCC,name,accepted,fully_functional,,3/18/2019 13:43,2019-03
Virginia Polytechnic Institute and State University,Virginia Polytechnic Institute and State University,Virginia Tech,Computer Science Technical Reports @Virginia Tech,name,accepted,fully_functional,,8/3/2006 16:16,2006-08
Rice University,Rice University,,Connexions,name,accepted,fully_functional,1999,8/21/2006 10:10,2006-08
Dominican University,Dominican University,,Constellation,name,accepted,trial,,2/6/2012 10:10,2012-02
Minnesota State University  Mankato,"Minnesota State University, Mankato",,Cornerstone: A Collection of Scholarly and Creative Works,name,partially_processed,fully_functional,,9/21/2016 14:17,2016-09
Council of Independent Colleges,Council of Independent Colleges,,Council of Independent Colleges Historic Campus Architecture Project,name,accepted,fully_functional,,9/19/2011 11:11,2011-09
Yale University,Yale University,,Cross Collection Discovery,name,accepted,fully_functional,,5/25/2011 9:09,2011-05
International Association for Cryptologic Research,International Association for Cryptologic Research,IACR,Cryptology ePrint Archive,name,accepted,fully_functional,2000,8/22/2006 9:09,2006-08
University of Notre Dame,University of Notre Dame,,CurateND,name,partially_processed,fully_functional,,7/14/2015 16:20,2015-07
University of Pittsburgh,University of Pittsburgh,UP,D-Scholarship@Pitt,name,accepted,fully_functional,,8/23/2011 11:11,2011-08
Harvard University,Harvard University,,DASH,acronym,accepted,fully_functional,,9/2/2009 10:10,2009-09
Denison University,Denison University,,DENISON Digital Resource Commons: Denison University Herbarium,name,partially_processed,fully_functional,,2/10/2014 12:08,2014-02
Denison University,Denison University,,DENISON Digital Resource Commons: Denison Virtual Earth Material Gallery,name,partially_processed,fully_functional,,2/10/2014 12:52,2014-02
Denison University,Denison University,,DENISON Digital Resource Commons: History of Fashion,name,partially_processed,fully_functional,,2/10/2014 12:20,2014-02
Rhodes College,Rhodes College,,DLynx - Rhodes College Archives Digital Collection,name,accepted,fully_functional,,12/7/2009 11:11,2009-12
Roger Williams University,Roger Williams University,,DOCS@RWU,name,accepted,fully_functional,,8/23/2006 10:10,2006-08
Center for Research Libraries,Center for Research Libraries,CRL,DSAL,acronym,accepted,fully_functional,2003,8/26/2006 16:16,2006-08
Texas Tech University,Texas Tech University,TTU,DSpace Digital Repository,name,accepted,replaced_by_new_url,,10/1/2008 11:11,2008-10
Indiana University of Pennsylvania,Indiana University of Pennsylvania,IUP,DSpace at Indiana University of Pennsylvania,name,accepted,fully_functional,,1/13/2006 14:23,2006-01
New York University,New York University,NYU,DSpace at New York University,name,accepted,fully_functional,,9/6/2006 9:09,2006-09
State University of New York,State University of New York,SUNY,DSpace at SUNY,name,accepted,fully_functional,,8/4/2006 15:15,2006-08
College of William and Mary,College of William and Mary,,DSpace at The College of William and Mary,name,accepted,fully_functional,,9/1/2009 10:10,2009-09
University of Washington,University of Washington,UW,DSpace at The University of Washington,name,accepted,fully_functional,,12/9/2005 11:44,2005-12
Wesleyan University,Wesleyan University,,DSpace at Wesleyan University,name,accepted,replaced_by_new_url,,8/4/2006 16:16,2006-08
Massachusetts Institute of Technology,Massachusetts Institute of Technology,MIT,DSpace@MIT,name,accepted,fully_functional,,1/4/2006 9:38,2006-01
Dartmouth College,Dartmouth College,,Dartmouth Digital Commons,name,accepted,fully_functional,,10/19/2018 10:23,2018-10
Princeton University,Princeton University,,Dataspace,name,partially_processed,fully_functional,,6/3/2015 13:16,2015-06
University of Michigan,University of Michigan,U-M,Deep Blue at the University of Michigan,name,accepted,fully_functional,,8/3/2006 16:16,2006-08
Detroit Public Library,Detroit Public Library,,Detroit Public Library Digital Collections,name,partially_processed,fully_functional,,4/15/2015 14:06,2015-04
Dickinson College,Dickinson College,,Dickinson Scholar,name,accepted,fully_functional,,3/18/2019 11:37,2019-03
Florida State University,Florida State University,,DigiNole,name,accepted,fully_functional,,4/24/2008 15:15,2008-04
Florida State University,Florida State University,,DigiNole Commons: Virtual Repository for Electronic Scholarship,name,accepted,fully_functional,,1/4/2012 16:16,2012-01
Lancaster Theological Seminary,Lancaster Theological Seminary,,Digital Archive of Lancaster Theological Seminary,name,accepted,fully_functional,,8/5/2008 9:09,2008-08
Colorado College,Colorado College,,Digital Archives of Colorado College,name,accepted,fully_functional,,3/2/2011 11:11,2011-03
Ohio State University,Ohio State University,,Digital Archives of Literacy Narratives,name,accepted,fully_functional,,8/1/2008 13:13,2008-08
Case Western Reserve University,Case Western Reserve University,Case,Digital Case,name,accepted,fully_functional,,8/4/2006 9:09,2006-08
National Library of Medicine,National Library of Medicine,NLM,Digital Collections,name,accepted,fully_functional,,1/18/2011 14:14,2011-01
Oklahoma State University,Oklahoma State University,,Digital Collections,name,accepted,fully_functional,,8/4/2006 16:16,2006-08
University of South Carolina,University of South Carolina,USC,Digital Collections - USC,name,accepted,fully_functional,,10/18/2006 20:20,2006-10
Florida Atlantic University,Florida Atlantic University,FAU,Digital Collections @ FAU Libraries,name,accepted,fully_functional,2006,3/22/2006 12:59,2006-03
Texas State University San Marcos,Texas State University - San Marcos,TxState,Digital Collections Repository,name,accepted,fully_functional,,8/7/2006 10:10,2006-08
University of Maryland,University of Maryland,,Digital Collections@UM,name,accepted,fully_functional,,11/30/2007 10:10,2007-11
Abilene Christian University,Abilene Christian University,,Digital Commons @ ACU,name,partially_processed,fully_functional,,9/23/2016 16:06,2016-09
Boston College,Boston College,BC,Digital Commons @ Boston College Law School,name,accepted,fully_functional,,8/22/2011 13:13,2011-08
Buffalo State College,Buffalo State College,,Digital Commons @ Buffalo State,name,partially_processed,fully_functional,,8/30/2017 15:52,2017-08
Butler University,Butler University,,Digital Commons @ Butler University,name,accepted,fully_functional,,9/23/2009 16:16,2009-09
Eastern Michigan University,Eastern Michigan University,EMUI,Digital Commons @ EMUI,name,accepted,fully_functional,,10/19/2012 16:57,2012-10
Gardner-Webb University,Gardner-Webb University,,Digital Commons @ Gardner-Webb University,name,partially_processed,fully_functional,,2/23/2016 15:12,2016-02
George Fox University,George Fox University,,Digital Commons @ George Fox University,name,accepted,fully_functional,,8/13/2014 11:36,2014-08
Montana Tech,Montana Tech,,Digital Commons @ Montana Tech,name,accepted,fully_functional,,9/3/2013 11:57,2013-09
University of New Haven,University of New Haven,,Digital Commons @ New Haven,name,accepted,fully_functional,,4/5/2019 10:40,2019-04
Salve Regina University,Salve Regina University,,Digital Commons @ Salve Regina,name,partially_processed,fully_functional,,10/18/2013 15:36,2013-10
University of Maryland,University of Maryland,,Digital Commons @ UM Law,name,accepted,fully_functional,,8/4/2006 11:11,2006-08
College at Brockport  State University of New York,"College at Brockport, State University of New York",,Digital Commons @Brockport,name,accepted,fully_functional,,4/16/2012 10:10,2012-04
Salve Regina University,Salve Regina University,,Digital Commons @Salve Regina University,name,accepted,fully_functional,,8/17/2006 14:14,2006-08
Framingham State University,Framingham State University,,Digital Commons at Framingham State University,name,partially_processed,fully_functional,,5/13/2015 14:41,2015-05
Illinois Wesleyan University,Illinois Wesleyan University,,Digital Commons@ IWU,acronym,accepted,fully_functional,,1/31/2008 10:10,2008-01
Washington University,Washington University,,Digital Commons@Becker,name,accepted,fully_functional,,11/10/2010 10:10,2010-11
Carleton College,Carleton College,,Digital Commons@Carleton College,name,accepted,fully_functional,,1/4/2006 16:07,2006-01
Trinity University,Trinity University,,Digital Commons@Trinity,name,accepted,fully_functional,2004,1/13/2006 12:54,2006-01
Wayne State University,Wayne State University,,Digital Commons@Wayne State University,name,accepted,fully_functional,,8/22/2006 11:11,2006-08
University of Denver,University of Denver,,Digital DU,name,partially_processed,fully_functional,,2/6/2013 12:11,2013-02
Georgetown University,Georgetown University,,Digital Georgetown,name,accepted,fully_functional,,2/7/2019 10:09,2019-02
Howard University,Howard University,,Digital Howard,name,partially_processed,fully_functional,,9/6/2016 11:49,2016-09
University of California,University of California,,Digital Karnak,name,accepted,fully_functional,,1/28/2009 9:09,2009-01
University of North Carolina at Chapel Hill,University of North Carolina at Chapel Hill,,Digital Library Jose Maria Vargas Vila,name,partially_processed,fully_functional,,3/31/2015 16:46,2015-03
Virginia Polytechnic Institute and State University,Virginia Polytechnic Institute and State University,Virginia Tech,Digital Library Network for Engineering and Technology,name,accepted,withdrawn_from_use,2002,8/4/2006 9:09,2006-08
National Science Digital Library,National Science Digital Library,NSDL,Digital Library for Earth System Education,name,accepted,fully_functional,,8/4/2006 9:09,2006-08
Indiana University,Indiana University,IU,Digital Library of the Commons,name,accepted,fully_functional,2003,1/4/2006 9:39,2006-01
Iowa State University,Iowa State University,,Digital Repository @ Iowa State University,name,accepted,fully_functional,,6/27/2013 17:24,2013-06
University of Maryland,University of Maryland,,Digital Repository at the University of Maryland,name,accepted,fully_functional,,8/4/2006 9:09,2006-08
Pan American Health Organization,Pan American Health Organization,PAHO,Digital Repository of Pan American Health Organization,name,accepted,fully_functional,,1/5/2011 10:10,2011-01
Tennessee State University,Tennessee State University,TSU,Digital Scholarship @ Tennessee State University,name,accepted,fully_functional,,8/17/2006 14:14,2006-08
Central/ Western Massachusetts Automated Resource Sharing,Central/ Western Massachusetts Automated Resource Sharing,,Digital Treasures Repository: Central/Western Massachusetts Resource Sharing Project,name,accepted,fully_functional,,9/6/2006 15:15,2006-09
University of Northern Colorado,University of Northern Colorado,,Digital UNC,name,accepted,fully_functional,,3/2/2011 11:11,2011-03
University of San Diego,University of San Diego,,Digital USD,name,partially_processed,fully_functional,,9/4/2017 16:07,2017-09
Vassar College,Vassar College,,Digital Window @Vassar,name,partially_processed,fully_functional,,8/8/2012 11:47,2012-08
Youngstown State University,Youngstown State University,YSU,Digital.Maag,name,accepted,fully_functional,,8/4/2006 9:09,2006-08
Bryant University,Bryant University,,DigitalCommons@Bryant University,name,accepted,fully_functional,,8/26/2006 17:17,2006-08
College of DuPage,College of DuPage,COD,DigitalCommons@C.O.D.,name,accepted,fully_functional,,9/23/2009 16:16,2009-09
California Polytechnic State University,California Polytechnic State University,Cal Poly,DigitalCommons@CalPoly,name,accepted,fully_functional,,1/31/2008 10:10,2008-01
Columbia University,Columbia University,,DigitalCommons@Columbia,name,accepted,replaced_by_new_url,2005,8/4/2006 9:09,2006-08
Connecticut College,Connecticut College,,DigitalCommons@Connecticut College,name,accepted,fully_functional,,3/22/2006 12:12,2006-03
Fayetteville State University,Fayetteville State University,FSU,DigitalCommons@Fayetteville State University,name,accepted,fully_functional,,8/4/2006 9:09,2006-08
Florida International University,Florida International University,FIU,DigitalCommons@Florida International University,name,accepted,fully_functional,,3/22/2006 15:24,2006-03
Fort Lewis College,Fort Lewis College,FLC,DigitalCommons@Fort Lewis College,name,accepted,replaced_by_new_url,,9/23/2009 16:16,2009-09
Cornell University,Cornell University,,DigitalCommons@ILR,name,accepted,fully_functional,,1/4/2006 9:41,2006-01
Kennesaw State University,Kennesaw State University,,DigitalCommons@Kennesaw State University,name,partially_processed,fully_functional,,6/3/2015 14:57,2015-06
Lesley University,Lesley University,,DigitalCommons@Lesley,name,accepted,fully_functional,,4/4/2012 11:11,2012-04
Linfield College,Linfield College,,DigitalCommons@Linfield,name,accepted,fully_functional,,5/18/2011 10:10,2011-05
Macalester College,Macalester College,,DigitalCommons@Macalester College,name,accepted,fully_functional,,1/23/2006 14:22,2006-01
Pace University,Pace University,Pace,DigitalCommons@Pace,name,accepted,fully_functional,,4/21/2006 16:29,2006-04
Providence College,Providence College,PC,DigitalCommons@Providence,name,accepted,fully_functional,,8/4/2006 9:09,2006-08
Atlanta University Center,Atlanta University Center,,DigitalCommons@Robert W. Woodruff Library,name,accepted,fully_functional,,8/4/2006 9:09,2006-08
Sacred Heart University,Sacred Heart University,,DigitalCommons@SHU,name,accepted,fully_functional,,4/16/2012 10:10,2012-04
Simmons College,Simmons College,,DigitalCommons@Simmons,name,accepted,replaced_by_new_url,,8/4/2006 10:10,2006-08
Texas Tech University,Texas Tech University,TTU,DigitalCommons@Texas Tech University,name,accepted,replaced_by_new_url,,8/4/2006 10:10,2006-08
Texas Medical Center,Texas Medical Center,TMC,DigitalCommons@The Texas Medical Center,name,accepted,fully_functional,2006,2/14/2006 11:16,2006-02
University of Connecticut,University of Connecticut,UCONN,DigitalCommons@UConn,name,accepted,fully_functional,,1/31/2006 15:58,2006-01
University of Maine,University of Maine,,DigitalCommons@UMaine,name,accepted,fully_functional,,7/12/2018 7:58,2018-07
University of Rhode Island,University of Rhode Island,,DigitalCommons@URI,name,accepted,fully_functional,,8/21/2006 15:15,2006-08
Utah State University,Utah State University,,DigitalCommons@USU,name,accepted,fully_functional,,3/2/2009 10:10,2009-03
University of Texas at El Paso,University of Texas at El Paso,UTEP,DigitalCommons@UTEP,name,accepted,fully_functional,,1/4/2006 9:48,2006-01
University of Georgia School of Law,University of Georgia School of Law,,DigitalCommons@University of Georgia School of Law,name,accepted,fully_functional,,8/4/2006 11:11,2006-08
University of Nebraska Lincoln,University of Nebraska - Lincoln,UNL,DigitalCommons@University of Nebraska,name,accepted,fully_functional,,1/4/2006 9:46,2006-01
Worcester Polytechnic Institute,Worcester Polytechnic Institute,,DigitalCommons@WPI,name,partially_processed,fully_functional,,12/18/2012 15:17,2012-12
Fordham University,Fordham University,,DigitalResearch@Fordham,name,accepted,fully_functional,,1/31/2008 10:10,2008-01
Vanderbilt University,Vanderbilt University,,DiscoverArchive,name,accepted,fully_functional,2004,12/9/2005 11:44,2005-12
University of California,University of California,,Division of Academic and Health Affairs Repository,name,accepted,withdrawn_from_use,,1/31/2008 11:11,2008-01
University of North Carolina at Chapel Hill,University of North Carolina at Chapel Hill,,Documenting the American South,name,accepted,fully_functional,1995,8/4/2006 12:12,2006-08
Yale Law School,Yale Law School,,Documents Collection Centre,name,partially_processed,fully_functional,,4/1/2015 15:06,2015-04
Dominican University of California,Dominican University of California,,Dominican Scholar,name,partially_processed,fully_functional,,5/2/2017 9:58,2017-05
Drexel University,Drexel University,,Drexel Libraries E-Repository and Archives,name,accepted,fully_functional,,5/8/2007 16:16,2007-05
Dryad,Dryad,,Dryad,name,accepted,fully_functional,,3/12/2009 10:10,2009-03
Duke Law School,Duke Law School,Duke,Duke Law Scholarship Repository,name,accepted,fully_functional,,10/27/2009 11:11,2009-10
Duke University,Duke University,,DukeSpace,name,accepted,fully_functional,,10/27/2008 14:14,2008-10
University of Massachusetts Amherst,University of Massachusetts Amherst,,ESENCe,acronym,accepted,fully_functional,,1/4/2010 13:13,2010-01
Digital Library Research Laboratory,Digital Library Research Laboratory,,ETDs @ VT,name,accepted,fully_functional,,8/7/2006 14:14,2006-08
East Tennessee State University,East Tennessee State University,ETSU,ETSU Electronic Thesis and Dissertation Archive,name,accepted,fully_functional,,1/4/2006 12:04,2006-01
Center for Open Science,Center for Open Science,COS,EcoEvoRxiv Preprints,name,accepted,fully_functional,,1/16/2019 9:52,2019-01
Northern Arizona University,Northern Arizona University,,Ecological Restoration Institute - Northern Arizona University,name,accepted,fully_functional,,1/4/2006 11:28,2006-01
Experimental Economics Center,Experimental Economics Center,,EconPort,name,accepted,fully_functional,,9/6/2006 11:11,2006-09
U.S. Department of Education,U.S. Department of Education,,Education Resources Information Center,name,accepted,fully_functional,,6/26/2009 10:10,2009-06
Broward County Library,Broward County Library,,Education by Design The Bienes Center's WPA Museum Extension Project Collection,name,accepted,fully_functional,,9/6/2006 14:14,2006-09
Advanced Technology Environmental Education Center,Advanced Technology Environmental Education Center,ATEEC,Electronic Environmental Resources Library,name,accepted,fully_functional,,9/8/2006 12:12,2006-09
University of Arizona,University of Arizona,UA,Electronic Theses and Dissertations - University of Arizona,name,accepted,replaced_by_new_url,,11/6/2006 11:11,2006-11
North Carolina State University,North Carolina State University,NCSU,Electronic Theses and Dissertations available at NCSU Libraries,name,accepted,replaced_by_new_url,2002,9/22/2006 15:15,2006-09
Brigham Young University,Brigham Young University,BYU,Electronic Thesis & Dissertations - Brigham Young University,name,accepted,fully_functional,,8/7/2006 11:11,2006-08
Louisiana State University,Louisiana State University,LSU,Electronic Thesis and Dissertation Library - LSU,name,accepted,fully_functional,,1/4/2006 11:50,2006-01
Cleveland State University,Cleveland State University,,EngagedScholarship@CSU,name,partially_processed,fully_functional,,1/24/2014 16:14,2014-01
Ferris State University,Ferris State University,,FIR: A Digital Storage Space,acronym,accepted,fully_functional,,2/3/2009 13:13,2009-02
Fordham Law School,Fordham Law School,,FLASH: The Fordham Law Archive of Scholarship and History,name,partially_processed,fully_functional,,10/18/2013 16:44,2013-10
Indiana University Purdue University  Indianapolis,"Indiana University - Purdue University, Indianapolis",IUPUI,FOundation LIterature Online,name,accepted,fully_functional,,9/30/2008 10:10,2008-09
Claremont University Consortium,Claremont University Consortium,,Faculty Scholarship at The Claremont Colleges,name,accepted,replaced_by_new_url,,1/13/2009 13:13,2009-01
St. John Fisher College  Lavery Library,"St. John Fisher College, Lavery Library",,Fisher Digital Publications,name,accepted,fully_functional,,9/25/2013 11:58,2013-09
Ibiblio: The public's library and digital archive,Ibiblio: The public's library and digital archive,,Folkstreams,name,accepted,fully_functional,2002,9/14/2006 9:09,2006-09
Fort Lewis College,Fort Lewis College,FLC,FortWorks,name,accepted,trial,,6/29/2012 16:21,2012-06
University of Detroit Mercy,University of Detroit Mercy,,"Fr. Edward J. Dowling, S.J. Marine Historical Collection",name,accepted,fully_functional,,9/23/2008 14:14,2008-09
California State University  Fresno,"California State University, Fresno",,Fresno State Digital Repository,name,accepted,fully_functional,,2/28/2019 10:37,2019-02
Furman University,Furman University,,Furman University Scholar Exchange (FUSE),name,partially_processed,fully_functional,,5/13/2015 14:05,2015-05
University of Arizona,University of Arizona,UA,GROW,acronym,accepted,withdrawn_from_use,2002,8/24/2006 16:16,2006-08
University of Illinois at Urbana-Champaign,University of Illinois at Urbana-Champaign,,GSLIS Electronic Archives Project,name,accepted,withdrawn_from_use,2001,8/26/2006 14:14,2006-08
Oklahoma Historical Society,Oklahoma Historical Society,,Gateway to Oklahoma History,name,partially_processed,fully_functional,,8/15/2013 12:54,2013-08
Georgetown University,Georgetown University,,Georgetown Law Scholarly Commons,name,accepted,fully_functional,,10/27/2010 10:10,2010-10
The Getty,The Getty,,Getty Search Gateway,name,partially_processed,fully_functional,,7/18/2014 13:10,2014-07
Global Performing Arts Consortium,Global Performing Arts Consortium,GloPAC,GloPAD,acronym,accepted,fully_functional,2002,8/24/2006 11:11,2006-08
National Aeronautics and Space Administration  Goddard Space Flight Center,"National Aeronautics and Space Administration, Goddard Space Flight Center",,Goddard Library Repository,name,partially_processed,fully_functional,,10/21/2013 14:50,2013-10
Pennsylvania State University,Pennsylvania State University,Penn State,Graduate School Section of the eTD database,name,accepted,fully_functional,2003,1/4/2006 11:46,2006-01
SWON Libraries,SWON Libraries,,Greater Cincinnati Memory Project,name,accepted,fully_functional,,9/19/2011 12:12,2011-09
HELIN Library Consortium,HELIN Library Consortium,HELIN,HELIN Digital Commons,name,accepted,fully_functional,,8/7/2006 16:16,2006-08
Harvard College,Harvard College,,Harvard College Thesis Repository,name,accepted,technically_malfunctioning,,1/24/2008 16:16,2008-01
Harvard University,Harvard University,,Harvard Dataverse,name,partially_processed,fully_functional,,1/24/2014 14:21,2014-01
Harvard University,Harvard University,,Harvard Smithsonian Digital Video Library,name,accepted,fully_functional,,8/24/2006 9:09,2006-08
George Washington University,George Washington University,GWU,Health Sciences Research Commons,name,accepted,fully_functional,,8/20/2013 12:53,2013-08
Society fot the Preservation of Hebrew Books,Society fot the Preservation of Hebrew Books,,Hebrew Books,name,accepted,fully_functional,,12/14/2009 10:10,2009-12
Duke University,Duke University,,Historic American Sheet Music,name,accepted,not_accepting_deposits,1999,8/25/2006 15:15,2006-08
Hodges University,Hodges University,,Hodges University Institutional Respository,name,partially_processed,fully_functional,,3/21/2017 11:19,2017-03
Hofstra University,Hofstra University,,Hofstra University ePrint Archive,name,accepted,fully_functional,,1/23/2006 12:44,2006-01
Humanities Commons,Humanities Commons,,Humanities Commons CORE,name,accepted,fully_functional,,2/22/2019 15:20,2019-02
University of Michigan,University of Michigan,U-M,Humanities Text Initiative,name,accepted,withdrawn_from_use,,8/7/2006 16:16,2006-08
Humboldt State University,Humboldt State University,,Humboldt Digital Scholar,name,accepted,fully_functional,,2/21/2006 10:20,2006-02
Northern Illinois University,Northern Illinois University,,Huskie Commons,name,accepted,fully_functional,,6/29/2012 16:56,2012-06
International Food Policy Research Institute,International Food Policy Research Institute,IFPRI,IFPRI Knowledge Repsitory,acronym,accepted,fully_functional,,8/31/2006 14:14,2006-08
University of Illinois at Chicago,University of Illinois at Chicago,UIC,INDIGO,acronym,accepted,fully_functional,,5/11/2007 14:14,2007-05
University of Idaho,University of Idaho,,INSIDE Idaho,name,partially_processed,fully_functional,,12/18/2012 14:49,2012-12
Iowa State University,Iowa State University,,ISU Electrical and Computer Engineering Archives,name,accepted,fully_functional,,8/16/2006 10:10,2006-08
Illinois State University,Illinois State University,,ISU ReD: Research and eData,name,accepted,fully_functional,,10/3/2013 16:32,2013-10
Indiana University,Indiana University,IU,IUBio Archive,name,accepted,fully_functional,1989,8/16/2006 10:10,2006-08
Indiana University,Indiana University,IU,IUBio Software Archive,name,accepted,technically_malfunctioning,2002,12/21/2005 14:34,2005-12
Indiana University Purdue University  Indianapolis,"Indiana University - Purdue University, Indianapolis",IUPUI,IUPUIScholarWorks,name,accepted,fully_functional,,12/21/2005 13:09,2005-12
Indiana University,Indiana University,IU,IUScholarWorks,name,accepted,fully_functional,,4/4/2006 12:32,2006-04
University of North Carolina at Chapel Hill,University of North Carolina at Chapel Hill,,Ibiblio,name,accepted,fully_functional,1992,10/12/2006 16:16,2006-10
Idaho State Historical Society,Idaho State Historical Society,,Idaho State Historical Society Digital Collections,name,accepted,fully_functional,,8/27/2008 11:11,2008-08
Augsburg University  Minneapolis,"Augsburg University, Minneapolis",,Idun,name,accepted,fully_functional,,3/26/2019 10:08,2019-03
University of Illinois at Urbana-Champaign,University of Illinois at Urbana-Champaign,,Illinois Air Photo Imagebase,name,accepted,fully_functional,1997,8/25/2006 15:15,2006-08
Illinois State Library,Illinois State Library,,Illinois Digital Archives,name,accepted,fully_functional,,1/24/2008 11:11,2008-01
University of Illinois at Urbana-Champaign,University of Illinois at Urbana-Champaign,,Illinois Digital Environment for Access to Learning and Scholarship Repository,name,accepted,fully_functional,,8/8/2006 15:15,2006-08
University of Illinois at Urbana-Champaign,University of Illinois at Urbana-Champaign,,Illinois Electronic Documents Initiative,name,accepted,fully_functional,,9/1/2006 15:15,2006-09
University of Illinois at Urbana-Champaign,University of Illinois at Urbana-Champaign,,Illinois Harvest,name,accepted,fully_functional,,1/24/2008 11:11,2008-01
University of Nebraska Lincoln,University of Nebraska - Lincoln,UNL,Image & Multimedia Collections,name,accepted,fully_functional,,7/28/2011 14:14,2011-07
University of Illinois at Chicago,University of Illinois at Chicago,UIC,Images of the Caribbean Diaspora: Book Jacket Art,name,accepted,fully_functional,,10/12/2006 16:16,2006-10
University of Redlands,University of Redlands,,InSPIRe @ Redlands,name,accepted,fully_functional,,2/11/2019 14:25,2019-02
Indiana Historical Society,Indiana Historical Society,,Indiana Historical Society Digital Image Collections,name,accepted,fully_functional,,8/30/2006 15:15,2006-08
IndraStra Global,IndraStra Global,,IndraStra Global Open Repository,name,accepted,fully_functional,,3/12/2019 15:29,2019-03
Inter-American Development Bank,Inter-American Development Bank,,Inter-American Development Bank Repository,name,accepted,fully_functional,,8/8/2013 16:04,2013-08
National Nanomanufacturing Network,National Nanomanufacturing Network,,InterNano Nanomanufacturing Repository,name,accepted,fully_functional,2008,5/20/2009 19:19,2009-05
Internet Archive,Internet Archive,,Internet Archive,name,accepted,fully_functional,,8/22/2006 16:16,2006-08
State of Iowa,State of Iowa,Iowa,Iowa Publications Online,name,accepted,fully_functional,,8/16/2006 10:10,2006-08
University of Iowa,University of Iowa,,Iowa Research Online,name,accepted,fully_functional,,2/6/2009 16:16,2009-02
IssueLab,IssueLab,,IssueLab,name,accepted,fully_functional,,3/16/2011 10:10,2011-03
University of Utah,University of Utah,U of U,J. Willard Marriott Library Digital Collections,name,accepted,fully_functional,,8/31/2006 13:13,2006-08
University of Texas at San Antonio,University of Texas at San Antonio,,JHSPH OpenCourseWare,acronym,accepted,fully_functional,,8/23/2006 11:11,2006-08
National Aeronautics and Space Administration,National Aeronautics and Space Administration,NASA,JPL Technical Reports Server,name,accepted,fully_functional,,8/3/2006 15:15,2006-08
National Aeronautics and Space Administration,National Aeronautics and Space Administration,NASA,JSC Digital Image Collection,name,accepted,fully_functional,,8/10/2006 10:10,2006-08
National Aeronautics and Space Administration,National Aeronautics and Space Administration,NASA,JSC Reduced Gravity Program Photographs,name,accepted,fully_functional,,9/4/2006 9:09,2006-09
Johns Hopkins University,Johns Hopkins University,,JScholarship,name,accepted,fully_functional,,2/21/2008 9:09,2008-02
New York University,New York University,NYU,Jean Monnet Working Papers,name,accepted,fully_functional,,2/14/2006 15:58,2006-02
Thomas Jefferson University,Thomas Jefferson University,,Jefferson Digital Commons,name,accepted,fully_functional,2005,12/22/2005 14:49,2005-12
NASA Johnson Space Centre,NASA Johnson Space Centre,JSC,Johnson Technical Reports Server,name,accepted,fully_functional,,8/16/2006 11:11,2006-08
Johnson and Wales University,Johnson and Wales University,,Johnson and Wales University Scholars Archive,name,accepted,fully_functional,,1/31/2008 9:09,2008-01
Kansas State University,Kansas State University,,K-State Research Exchange,name,accepted,fully_functional,,4/27/2007 15:15,2007-04
University of Kansas,University of Kansas,KU,KU ScholarWorks,name,accepted,fully_functional,,1/11/2006 17:03,2006-01
Kansas State Historical Society,Kansas State Historical Society,KSHS,Kansas State Publications Archival Collection,name,accepted,fully_functional,2005,8/16/2006 11:11,2006-08
Carnegie Mellon University,Carnegie Mellon University,,KiltHub,name,accepted,fully_functional,,2/26/2019 11:16,2019-02
Cornell University,Cornell University,,Kinematic MOdels for Design Digital Library,name,accepted,fully_functional,2002,9/11/2006 14:14,2006-09
Ohio State University,Ohio State University,,KnowledgeBank at OSU,name,accepted,fully_functional,2005,12/27/2005 16:40,2005-12
The LIS Scholarship Archive,The LIS Scholarship Archive,,LIS Scholarship Archive,name,accepted,fully_functional,,3/1/2019 11:31,2019-03
Louisiana State University,Louisiana State University,LSU,LOUISiana Digital Library Server Respository,name,accepted,fully_functional,,9/15/2006 10:10,2006-09
La Salle University,La Salle University,,La Salle University Digital Commons,name,partially_processed,fully_functional,,3/24/2015 15:33,2015-03
Lafayette College,Lafayette College,,Lafayette Digital Repository,name,accepted,fully_functional,,12/8/2010 11:11,2010-12
Lake Forest College,Lake Forest College,,Lake Forest College Publications,name,accepted,fully_functional,,9/25/2013 10:40,2013-09
University of Texas at Austin,University of Texas at Austin,,Latin American Open Archives Portal,name,accepted,fully_functional,,6/8/2007 15:15,2007-06
Lehigh University,Lehigh University,,Lehigh Preserve,name,partially_processed,fully_functional,,2/22/2016 11:04,2016-02
Liberty University,Liberty University,,Liberty University Digital Commons,name,accepted,fully_functional,,3/2/2007 10:10,2007-03
College of Charleston,College of Charleston,,Lowcountry Digital Library,name,accepted,fully_functional,,8/19/2009 11:11,2009-08
Loyola University Chicago,Loyola University Chicago,,Loyola eCommons,name,partially_processed,fully_functional,,9/24/2013 10:55,2013-09
Universities Space Research Association,Universities Space Research Association,USRA,"Lunar and Planetary Institute, Resources",name,accepted,fully_functional,,9/15/2006 11:11,2006-09
Milligan College,Milligan College,,MCStor,name,partially_processed,fully_functional,,5/23/2016 13:35,2016-05
Duke University,Duke University,,MEDSpace,acronym,accepted,fully_functional,,8/29/2006 13:13,2006-08
New York University,New York University,NYU,MODIYA Project,name,accepted,fully_functional,,8/16/2006 15:15,2006-08
University of Missouri System,University of Missouri System,,MOspace,name,accepted,fully_functional,,2/22/2010 10:10,2010-02
University of Hawai'i at Manoa,University of Hawai'i at Manoa,,Mana'o Project,name,accepted,withdrawn_from_use,,11/9/2007 10:10,2007-11
Yale University,Yale University,,Manuscripts and Archives Digital Image Database,name,accepted,fully_functional,2002,9/14/2006 20:20,2006-09
Marshall University,Marshall University,,Marshall Digital Scholar,name,partially_processed,fully_functional,,9/26/2013 16:16,2013-09
Marshall Foundation,Marshall Foundation,,Marshall Foundation Digital Library,name,accepted,fully_functional,,9/20/2011 9:09,2011-09
National Aeronautics and Space Administration,National Aeronautics and Space Administration,NASA,Marshall Technical Reports Server,name,accepted,fully_functional,2002,8/10/2006 17:17,2006-08
George Mason University,George Mason University,,Mason Archival Repository Service,name,accepted,fully_functional,,1/4/2006 12:14,2006-01
New York Botanical Garden,New York Botanical Garden,,Mertz Digital Collections @ New York Botanical Garden Digital Library,name,partially_processed,fully_functional,,11/7/2013 13:05,2013-11
University of Minnesota,University of Minnesota,U of M,Metropolitan Travel Survey Archive,name,accepted,fully_functional,,7/17/2008 13:13,2008-07
Michigan State University,Michigan State University,MSU,Michigan State University Digital & Multimedia Center,name,accepted,fully_functional,,9/15/2006 11:11,2006-09
Microsoft Research,Microsoft Research,,Microsoft Research Catalog,name,partially_processed,fully_functional,,6/10/2014 16:10,2014-06
University of Wisconsin Systems,University of Wisconsin Systems,UW,Minds@University of Wisconsin,name,accepted,fully_functional,2005,12/27/2005 11:46,2005-12
University of Pittsburgh,University of Pittsburgh,UP,Minority Health Archive,name,accepted,fully_functional,,8/16/2006 15:15,2006-08
Mississippi State University,Mississippi State University,MSU,Mississippi State University Institutional Repository,name,accepted,fully_functional,,2/6/2019 16:44,2019-02
Mississippi State University,Mississippi State University,,Mississippi State University Libraries ETD database,name,accepted,fully_functional,,2/5/2008 14:14,2008-02
Montana State University,Montana State University,MSU,Montana State University ScholarWorks,name,accepted,fully_functional,,3/19/2019 16:05,2019-03
Morphobank,Morphobank,,Morphobank,name,accepted,fully_functional,,2/13/2019 15:39,2019-02
Colorado State University,Colorado State University,,Mountain Scholar,name,accepted,fully_functional,,6/27/2008 16:16,2008-06
Murray State University,Murray State University,,Murray State's Digital Commons,name,partially_processed,fully_functional,,9/7/2016 13:51,2016-09
Dryden Flight Research Center ,"Dryden Flight Research Center,",DFRC,NASA Dryden Technical Reports Server,name,accepted,technically_malfunctioning,2004,8/16/2006 15:15,2006-08
National Aeronautics and Space Administration,National Aeronautics and Space Administration,NASA,NASA Technical Reports Server,name,accepted,fully_functional,,1/16/2012 9:09,2012-01
UNC Greensboro,UNC Greensboro,,NC DOCKS,acronym,accepted,fully_functional,,6/5/2009 10:10,2009-06
North Carolina State University,North Carolina State University,NCSU,NCSU Institutional Repository,name,partially_processed,fully_functional,,4/9/2015 13:26,2015-04
North Carolina State University,North Carolina State University,NCSU,NCSU Technical Reports Repository,name,partially_processed,fully_functional,,4/9/2015 12:42,2015-04
North Dakota State University,North Dakota State University,,NDSU Libraries Institutional Repository,name,accepted,fully_functional,,8/25/2011 10:10,2011-08
National Engineering Education Delivery System,National Engineering Education Delivery System,NEEDS,NEEDS,acronym,accepted,technically_malfunctioning,1999,9/22/2006 14:14,2006-09
Northeastern Illinois University,Northeastern Illinois University,NEIU,NEIU Digital Commons,name,accepted,fully_functional,,3/15/2019 16:41,2019-03
New England Law Library Consortium,New England Law Library Consortium,,NELLCO Legal Scholarship Repository,name,accepted,fully_functional,,12/27/2005 14:36,2005-12
National Institute of Standards and Technology,National Institute of Standards and Technology,NIST,NIST Repositories,name,accepted,fully_functional,,1/13/2006 13:20,2006-01
National Science Foundation,National Science Foundation,NSF,NSDL,acronym,accepted,fully_functional,2000,9/22/2006 11:11,2006-09
Nova Southeastern University,Nova Southeastern University,,NSU Works,name,accepted,fully_functional,,7/15/2014 10:39,2014-07
New York Public Library,New York Public Library,NYPL,NYPL Map Warper,name,partially_processed,fully_functional,2014,4/2/2014 16:45,2014-04
The National Academies,The National Academies,,National Academies Press,name,accepted,fully_functional,,9/15/2006 13:13,2006-09
National Agricultural Library,National Agricultural Library,,National Agricultural Library Digital Repository,name,accepted,fully_functional,,9/20/2007 10:10,2007-09
Library of Congress,Library of Congress,LC,National Jukebox,name,partially_processed,fully_functional,,2/7/2014 10:30,2014-02
New College of Florida,New College of Florida,,New College of Florida Digital Collections,name,partially_processed,fully_functional,,12/17/2013 11:22,2013-12
New Jersey State Library,New Jersey State Library,,New Jersey State Library Digital Collections,name,accepted,fully_functional,,3/20/2019 11:57,2019-03
University of North Georgia,University of North Georgia,,Nighthawks Open Institutional Repository,name,accepted,fully_functional,,3/19/2019 16:16,2019-03
Northeast Massachusetts Regional Library System,Northeast Massachusetts Regional Library System,NMRLS,Northeast Massachusetts Digital Library: Imagining History Collections,name,accepted,technically_malfunctioning,,9/22/2006 15:15,2006-09
Northeastern University,Northeastern University,,Northeastern University Digital Repository Service,name,accepted,fully_functional,,8/24/2006 14:14,2006-08
Texas A&amp;M University,Texas A&amp;M University,TAMU,OAKTrust Digital Repository,name,accepted,fully_functional,,1/2/2006 12:32,2006-01
Online Computer Library Center,Online Computer Library Center,OCLC,OCLC Research Publications,name,accepted,fully_functional,,9/22/2006 16:16,2006-09
Old Dominion University,Old Dominion University,ODU,ODU Digital Commons,name,accepted,fully_functional,,2/26/2019 11:04,2019-02
Center for Open Science,Center for Open Science,COS,OSF Preprints,name,partially_processed,fully_functional,,9/27/2017 11:26,2017-09
U.S. Department of Energy,U.S. Department of Energy,DOE,OSTI,acronym,accepted,fully_functional,1996,9/25/2006 10:10,2006-09
Marietta College,Marietta College,,Ohio Digital Resource Commons - Marietta College,name,accepted,fully_functional,,8/1/2008 14:14,2008-08
Ohio Library and Information Network,Ohio Library and Information Network,OhioLINK,OhioLINK Digital Resource Commons,name,accepted,fully_functional,,8/1/2008 14:14,2008-08
Ohio Library and Information Network,Ohio Library and Information Network,OhioLINK,OhioLINK Electronic Theses and Dissertations,name,partially_processed,fully_functional,,4/2/2015 14:01,2015-04
Ohio Library and Information Network,Ohio Library and Information Network,OhioLINK,OhioLINK Electronic Thesis and Dissertation Center,name,accepted,fully_functional,1999,12/28/2005 11:34,2005-12
University of Virginia,University of Virginia,,Online Archive of University of Virginia Scholarship,name,accepted,fully_functional,,10/18/2013 17:07,2013-10
Walters Art Museum,Walters Art Museum,,Online Collection,name,accepted,fully_functional,,10/19/2011 10:10,2011-10
World Bank,World Bank,,Open Knowledge Repository,name,accepted,fully_functional,,4/12/2012 9:09,2012-04
South Dakota State University,South Dakota State University,,Open PRAIRIE,acronym,partially_processed,fully_functional,,2/27/2017 10:30,2017-02
Open Thesis,Open Thesis,,Open Thesis,name,accepted,fully_functional,,2/15/2010 13:13,2010-02
University of North Carolina at Chapel Hill,University of North Carolina at Chapel Hill,,Open Video Project,name,accepted,fully_functional,1998,9/25/2006 10:10,2006-09
Boston University,Boston University,,OpenBU,name,accepted,fully_functional,,9/5/2006 17:17,2006-09
Emory University,Emory University,,OpenEmory,name,partially_processed,fully_functional,,9/6/2016 13:39,2016-09
Northern Arizona University,Northern Arizona University,,OpenKnowledge@NAU,name,partially_processed,fully_functional,,5/4/2017 15:01,2017-05
Southern Illinois University at Carbondale,Southern Illinois University at Carbondale,SIUC,OpenSIUC,name,accepted,fully_functional,,9/25/2008 10:10,2008-09
National Center for Atmospheric Research,National Center for Atmospheric Research,UCAR,OpenSky,name,accepted,fully_functional,,12/15/2010 10:10,2010-12
Indiana University-Purdue University Fort Wayne,Indiana University-Purdue University Fort Wayne,,Opus: Research and Creativity at IPFW,name,partially_processed,fully_functional,,4/4/2013 10:40,2013-04
Occidental College,Occidental College,,OxyScholar,acronym,accepted,fully_functional,,2/22/2010 11:11,2010-02
Portland State University,Portland State University,,PDXScholar,name,partially_processed,fully_functional,,3/25/2015 15:40,2015-03
University of Denver,University of Denver,,PEAK Digital,name,accepted,fully_functional,,3/2/2011 11:11,2011-03
Pepperdine University,Pepperdine University,,Pepperdine Digital Commons,name,accepted,fully_functional,,6/29/2012 16:28,2012-06
Tufts University,Tufts University,,Perseus Digital Library,name,accepted,fully_functional,1987,8/24/2006 11:11,2006-08
University of Pittsburgh,University of Pittsburgh,UP,PhilSci Archive,name,accepted,fully_functional,2001,12/29/2005 12:12,2005-12
Taylor University,Taylor University,,Pillars at Taylor University,name,accepted,fully_functional,,2/4/2019 16:43,2019-02
Texas Womans University,Texas Womans University,,Pioneer Open Access Repository,name,partially_processed,fully_functional,,12/10/2013 14:36,2013-12
Center for Governmental Studies,Center for Governmental Studies,,Policy Archive,name,accepted,fully_functional,,6/20/2008 9:09,2008-06
University of North Texas,University of North Texas,UNT,Portal to Texas History,name,accepted,fully_functional,,4/20/2011 9:09,2011-04
Duke University,Duke University,,Portfolio @ Duke,name,accepted,withdrawn_from_use,2003,8/24/2006 14:14,2006-08
The Research Collaboratory for Structural Bioinformatics (RCSB),The Research Collaboratory for Structural Bioinformatics (RCSB),RCSB,Protein Data Bank,name,partially_processed,fully_functional,,1/27/2014 15:50,2014-01
National Library of Medicine,National Library of Medicine,NLM,PubChem,name,accepted,fully_functional,,10/17/2008 10:10,2008-10
National Institutes of Health,National Institutes of Health,,PubMed Central,name,accepted,fully_functional,2000,1/30/2006 13:33,2006-01
Purdue University,Purdue University,,Purdue E-Scholar,name,accepted,fully_functional,,8/17/2006 12:12,2006-08
Purdue University,Purdue University,,Purdue University Libraries E-archives,name,accepted,fully_functional,,9/5/2006 16:16,2006-09
Rochester Institute of Technology,Rochester Institute of Technology,,RIT Digital Media Library,name,accepted,fully_functional,,8/25/2006 10:10,2006-08
Rochester Institute of Technology,Rochester Institute of Technology,,RIT Scholar Works,name,partially_processed,fully_functional,,5/28/2014 16:11,2014-05
University of Arizona,University of Arizona,UA,RRUFF Project,name,accepted,fully_functional,,8/11/2006 16:16,2006-08
Rutgers University,Rutgers University,,RUCore,acronym,accepted,fully_functional,,2/2/2009 13:13,2009-02
RePEc Project  USA,"RePEc Project, USA",,RePEc,acronym,accepted,fully_functional,,8/25/2006 10:10,2006-08
St. Cloud State University,St. Cloud State University,,Repository at St. Cloud State,name,partially_processed,fully_functional,,11/7/2016 15:40,2016-11
National Oceanic and Atmospheric Administration,National Oceanic and Atmospheric Administration,NOAA,Repository@NOAA,name,accepted,withdrawn_from_use,,8/17/2006 12:12,2006-08
Washington State University,Washington State University,WSU,Research Exchange,name,accepted,fully_functional,,5/2/2008 10:10,2008-05
Carnegie Mellon University,Carnegie Mellon University,,Research Showcase @ CMU,name,accepted,fully_functional,,3/23/2009 14:14,2009-03
University of Washington,University of Washington,UW,ResearchWorks at the University of Washington,name,accepted,replaced_by_new_url,,9/6/2006 10:10,2006-09
Genetic Alliance,Genetic Alliance,,Resource Repository,name,accepted,fully_functional,2007,4/20/2007 12:12,2007-04
Rhode Island College,Rhode Island College,,Rhode Island College Digital Commons,name,accepted,fully_functional,,7/10/2013 16:48,2013-07
Rhodes College,Rhodes College,,Rhodes College Digital Repository,name,accepted,replaced_by_new_url,,2/3/2009 13:13,2009-02
Rice University,Rice University,,Rice Digital Scholarship Archive,name,accepted,fully_functional,,8/4/2006 15:15,2006-08
Ripon College,Ripon College,,Rpion College Senior Showcase,name,partially_processed,fully_functional,,11/10/2016 14:41,2016-11
Santa Clara University,Santa Clara University,,SCU Digital Collections,name,partially_processed,fully_functional,,3/26/2015 12:16,2015-03
SETI Institute,SETI Institute,,SETI Institute's Research Repository,name,partially_processed,fully_functional,,7/20/2016 14:30,2016-07
Stephen F. Austin State University,Stephen F. Austin State University,,SFA ScholarWorks,name,partially_processed,fully_functional,,11/12/2014 9:54,2014-11
University of Oklahoma / Oklahoma State University,University of Oklahoma / Oklahoma State University,,SHAREOK.org,acronym,accepted,fully_functional,,9/20/2013 10:39,2013-09
Scripps Institution of Oceanography,Scripps Institution of Oceanography,SIO,SIOExplorer Digital Library Project,name,accepted,fully_functional,2003,12/30/2005 12:36,2005-12
San Jose State University,San Jose State University,,SJSU ScholarWorks,name,accepted,fully_functional,,11/10/2010 11:11,2010-11
Southern Methodist University,Southern Methodist University,,SMU Digital Repository,name,accepted,fully_functional,,11/30/2011 16:16,2011-11
Southern New Hampshire University,Southern New Hampshire University,,SNHU Academic Archive,name,accepted,fully_functional,,3/23/2011 11:11,2011-03
University of California  Los Angeles,"University of California, Los Angeles",,SOCR,acronym,accepted,fully_functional,2002,7/26/2007 14:14,2007-07
St. Catherine University,St. Catherine University,,SOPHIA,name,accepted,fully_functional,,4/13/2011 9:09,2011-04
University of Colorado Denver,University of Colorado Denver,,SOURCE,name,partially_processed,fully_functional,,2/23/2016 15:09,2016-02
Parkland College,Parkland College,,SPARK,acronym,accepted,fully_functional,,3/13/2012 15:15,2012-03
Arizona State University,Arizona State University,,Sandra Day O'Connor College of Law Faculty Scholarship Repository,name,accepted,fully_functional,,2/5/2009 11:11,2009-02
Florida Center for Library Automation,Florida Center for Library Automation,FCLA,ScholArchive,acronym,accepted,replaced_by_new_url,2006,8/3/2006 1:01,2006-08
University of South Carolina,University of South Carolina,,Scholar Commons - Institutional Repository of the University of South Carolina,,accepted,fully_functional,,3/21/2019 10:12,2019-03
Santa Clara University,Santa Clara University,,Scholar Commons - Santa Clara University,name,partially_processed,fully_functional,,11/17/2016 14:16,2016-11
University of South Florida,University of South Florida,,Scholar Commons - University of South Florida,name,accepted,fully_functional,,6/29/2012 16:41,2012-06
East Carolina University,East Carolina University,,ScholarShip,name,partially_processed,fully_functional,,7/13/2012 11:33,2012-07
University of Hawai'i at Manoa,University of Hawai'i at Manoa,,ScholarSpace,acronym,accepted,fully_functional,,9/30/2009 9:09,2009-09
Pennsylvania State University,Pennsylvania State University,Penn State,ScholarSphere,name,accepted,fully_functional,,10/8/2012 14:53,2012-10
Montana State University,Montana State University,,ScholarWorks,name,accepted,fully_functional,,10/3/2013 17:11,2013-10
Georgia State University,Georgia State University,,ScholarWorks @ Georgia State University,name,accepted,fully_functional,,6/15/2011 10:10,2011-06
University of Vermont,University of Vermont,UVM,ScholarWorks @ UVM,name,accepted,fully_functional,,6/26/2014 16:50,2014-06
Central Washington University,Central Washington University,,ScholarWorks at Central Washington University,name,partially_processed,fully_functional,,10/24/2014 9:25,2014-10
University of New Orleans,University of New Orleans,UNO,ScholarWorks at UNO,name,accepted,fully_functional,,12/9/2005 11:44,2005-12
Western Michigan University,Western Michigan University,,ScholarWorks at WMU,name,accepted,fully_functional,,1/24/2012 12:12,2012-01
University of Alaska,University of Alaska,,ScholarWorks@UA,name,accepted,fully_functional,,5/30/2014 10:49,2014-05
University of Arkansas  Fayetteville,"University of Arkansas, Fayetteville",,ScholarWorks@UARK,name,partially_processed,fully_functional,,11/10/2016 15:32,2016-11
University of Massachusetts Amherst,University of Massachusetts Amherst,,ScholarWorks@UMass Amherst,name,accepted,fully_functional,,8/23/2006 14:14,2006-08
Embry-Riddle Aeronautical University,Embry-Riddle Aeronautical University,,Scholarly Commons,name,partially_processed,fully_functional,,2/28/2018 9:04,2018-02
Susquehanna University,Susquehanna University,,Scholarly Commons,name,accepted,fully_functional,,9/6/2013 12:41,2013-09
University of Nevada  Las Vegas,"University of Nevada, Las Vegas",,Scholarly Commons @ UNLV Law,name,accepted,fully_functional,,10/21/2010 10:10,2010-10
Miami University,Miami University,,Scholarly Commons at Miami University,name,accepted,fully_functional,,1/31/2008 11:11,2008-01
Georgia Institute of Technology,Georgia Institute of Technology,Georgia Tech,Scholarly Materials And Research @ Georgia Tech,name,accepted,fully_functional,,8/17/2006 13:13,2006-08
University of Pennsylvania,University of Pennsylvania,Penn,ScholarlyCommons@Penn,name,accepted,fully_functional,2004,12/30/2005 10:36,2005-12
Missouri University of Science and Technology,Missouri University of Science and Technology,MST,Scholars' Mine,name,accepted,fully_functional,,5/12/2008 15:15,2008-05
Harold B. Lee Library at Brigham Young University,Harold B. Lee Library at Brigham Young University,,ScholarsArchive (Brigham Young University's Institutional Repository),name,accepted,fully_functional,,10/3/2013 17:25,2013-10
Oregon State University,Oregon State University,OSU,ScholarsArchive@OSU,name,accepted,fully_functional,2004,12/14/2005 17:14,2005-12
Cornell Law Library,Cornell Law Library,,Scholarship @ Cornell Law,name,accepted,fully_functional,,1/7/2010 16:16,2010-01
Florida Institute of Technology,Florida Institute of Technology,,Scholarship Repository of Florida Institute of Technology,name,accepted,fully_functional,,4/1/2014 12:15,2014-04
University of St. Augustine for Health Sciences,University of St. Augustine for Health Sciences,,Scholarship and Open Access Repository,name,accepted,fully_functional,,3/29/2019 9:50,2019-03
Claremont University Consortium,Claremont University Consortium,,Scholarship@Claremont,name,accepted,fully_functional,,3/2/2011 9:09,2011-03
Grand Valley State University,Grand Valley State University,,Scholarworks@GVSU,name,accepted,fully_functional,,9/29/2009 11:11,2009-09
University of Texas at Austin,University of Texas at Austin,,"School of Information, University of Texas at Austin",name,accepted,fully_functional,,8/26/2006 9:09,2006-08
Scivee TV,Scivee TV,,Scivee TV,name,accepted,fully_functional,,1/28/2008 13:13,2008-01
Oklahoma City University,Oklahoma City University,,SelectedWorks @ Oklahoma City University School of Law,name,accepted,fully_functional,,5/1/2009 10:10,2009-05
Seminole State College of Florida,Seminole State College of Florida,,Seminole State College of Florida Digital Collections,name,partially_processed,fully_functional,,12/17/2013 10:58,2013-12
Wichita State University,Wichita State University,,Shocker Open Access Repository,name,accepted,fully_functional,,12/19/2007 15:15,2007-12
Smithsonian Institution,Smithsonian Institution,,Smithsonian Digital Repository,name,accepted,fully_functional,,1/22/2008 10:10,2008-01
Social Science Electronic Publishing,Social Science Electronic Publishing,,Social Science Research Network,name,accepted,fully_functional,,1/25/2008 14:14,2008-01
South Carolina State Library,South Carolina State Library,,South Carolina State Documents Depository,name,partially_processed,fully_functional,,10/25/2013 16:59,2013-10
St. Mary's University  School of Law,"St. Mary's University, School of Law",,St Mary's University School of Law Digital Repository,name,partially_processed,fully_functional,,2/12/2013 16:30,2013-02
H.J. Lutcher Stark Center for Physical Culture and Sports,H.J. Lutcher Stark Center for Physical Culture and Sports,,Stark Center E-Archive,name,accepted,technically_malfunctioning,,6/25/2013 12:09,2013-06
Commonwealth of Massachusetts,Commonwealth of Massachusetts,,State Library of Massachusetts,name,accepted,fully_functional,,2/6/2009 11:11,2009-02
State Library of Oregon,State Library of Oregon,,State Library of Oregon Digital Collections,name,accepted,fully_functional,,3/20/2019 14:28,2019-03
Oregon Health &amp; Science University,Oregon Health &amp; Science University,,Student Scholar Archive,name,accepted,fully_functional,,3/24/2009 14:14,2009-03
Indiana State University,Indiana State University,ISU,Sycamore Scholars,name,accepted,fully_functional,,10/15/2009 9:09,2009-10
Syracuse University,Syracuse University,,Syracuse University Research Facility and Collaborative Environment,name,accepted,fully_functional,2010,12/8/2010 13:13,2010-12
Texas Digital Library,Texas Digital Library,TDL,TDL Repository,acronym,accepted,fully_functional,,8/17/2006 14:14,2006-08
University of Texas at Dallas,University of Texas at Dallas,UTD,TREASURES @ UTD,name,accepted,fully_functional,,3/9/2009 10:10,2009-03
Temple University,Temple University,,Temple University Electronic Dissertations,name,accepted,fully_functional,2008,12/9/2008 9:09,2008-12
Temple University,Temple University,,Temple University Libraries: Digital Colletions,name,partially_processed,fully_functional,,10/30/2013 14:52,2013-10
University of Tennessee,University of Tennessee,,Tennessee Historical and Regional Collections,name,partially_processed,fully_functional,,4/16/2015 10:55,2015-04
Texas Digital Libraries,Texas Digital Libraries,,Texas Data Repository,name,accepted,fully_functional,,1/31/2019 11:30,2019-01
University of Texas at Austin,University of Texas at Austin,,Texas ScholarWorks,name,accepted,fully_functional,,9/30/2008 16:16,2008-09
Yale Law School,Yale Law School,,"The Avalon Project Documents in Law, History and Diplomacy",name,partially_processed,fully_functional,,4/1/2015 15:13,2015-04
Yahoo,Yahoo,,The Commons,name,accepted,fully_functional,2008,8/22/2014 16:33,2014-08
Gettysburg College,Gettysburg College,,The Cupola: Scholarship at Gettysburg College,name,accepted,fully_functional,,12/20/2013 10:51,2013-12
Denison University,Denison University,,"The Five Colleges of Ohio Digital Repository: Looking Back, Looking Forward",name,partially_processed,fully_functional,,2/10/2014 12:41,2014-02
Eastern Illinois University,Eastern Illinois University,,The Keep,name,accepted,fully_functional,,11/30/2011 14:14,2011-11
Binghamton University,Binghamton University,,The Open Repository @Binghamton (The ORB),name,partially_processed,fully_functional,,2/27/2017 9:56,2017-02
Florida Distance Learning Consortium,Florida Distance Learning Consortium,,The Orange Grove,name,accepted,fully_functional,,2/16/2009 15:15,2009-02
Texas Tech University,Texas Tech University,TTU,Think Tech,name,accepted,fully_functional,,6/12/2012 10:17,2012-06
University of Louisville,University of Louisville,,ThinkIR,name,accepted,fully_functional,,2/13/2019 15:31,2019-02
Savannah State University,Savannah State University,,Tiger Scholar Commons,name,partially_processed,fully_functional,,11/10/2016 16:02,2016-11
Western Kentucky University,Western Kentucky University,,TopSCHOLAR,name,accepted,fully_functional,2007,4/19/2007 14:14,2007-04
Touro College & University System,Touro College & University System,,Touro Scholar,,accepted,fully_functional,,3/25/2019 14:33,2019-03
University of Tennessee,University of Tennessee,,Trace,acronym,accepted,fully_functional,,4/23/2010 14:14,2010-04
University of Iowa Libraries,University of Iowa Libraries,,Traveling Culture: Circuit Chautauqua in the Twentieth Century,name,accepted,fully_functional,,9/15/2006 11:11,2006-09
Haverford College  Bryn Mawr College  Swarthmore College,"Haverford College, Bryn Mawr College, Swarthmore College",,Triceratops,acronym,accepted,fully_functional,,12/20/2005 16:54,2005-12
Trinity University,Trinity University,,Trinity Digital Collections,name,accepted,fully_functional,,8/17/2006 14:14,2006-08
Bryn Mawr College Special collections,Bryn Mawr College Special collections,,Triptych,acronym,accepted,fully_functional,,9/15/2006 10:10,2006-09
Tufts University,Tufts University,,Tufts Digital Library,name,partially_processed,fully_functional,,3/19/2015 15:11,2015-03
Tualne University,Tualne University,,Tulane University Digital Repository,name,partially_processed,fully_functional,,9/18/2013 11:15,2013-09
University at Buffalo,University at Buffalo,,UB Institutional Repository,name,accepted,fully_functional,,2/6/2012 10:10,2012-02
University of Bridgeport,University of Bridgeport,,UB ScholarWorks,name,partially_processed,fully_functional,,2/16/2016 9:28,2016-02
University of Kentucky,University of Kentucky,,UKnowledge,name,partially_processed,fully_functional,,9/5/2012 9:58,2012-09
University of Maryland  Baltimore County (UMBC),"University of Maryland, Baltimore County (UMBC)",,UMBC,acronym,accepted,fully_functional,,8/12/2013 12:50,2013-08
University of Wisconsin Milwaukee,University of Wisconsin - Milwaukee,UVM,UMW Libraries Digital Collections,name,accepted,fully_functional,,8/31/2006 10:10,2006-08
University of North Alabama  Florence,"University of North Alabama, Florence",,UNA Scholarly Repository,name,accepted,fully_functional,,3/11/2019 14:21,2019-03
University of North Carolina at Chapel Hill,University of North Carolina at Chapel Hill,,UNC Dataverse,name,partially_processed,fully_functional,,8/6/2013 11:14,2013-08
University of North Carolina at Chapel Hill,University of North Carolina at Chapel Hill,,UNC Digital collections,name,partially_processed,fully_functional,,3/31/2015 16:36,2015-03
University of North Florida,University of North Florida,UNF,UNF Digital Commons,name,accepted,fully_functional,,7/13/2012 11:51,2012-07
University of New Hampshire,University of New Hampshire,,UNH Scholars' Repository,name,partially_processed,fully_functional,,9/26/2013 14:32,2013-09
University of Northern Iowa,University of Northern Iowa,UNI,UNI ScholarWorks,name,accepted,fully_functional,,2/12/2019 11:10,2019-02
University of North Texas,University of North Texas,UNT,UNT Digital Library,name,accepted,fully_functional,,1/29/2010 11:11,2010-01
University of North Texas Health Science Center,University of North Texas Health Science Center,UNTHSC,UNTHSC Scholarly Repository,name,accepted,fully_functional,,7/16/2009 10:10,2009-07
University of Rochester,University of Rochester,,UR Research,acronym,accepted,fully_functional,2003,12/9/2005 11:44,2005-12
University of Richmond,University of Richmond,,UR Scholarship,name,accepted,fully_functional,,3/11/2019 14:15,2019-03
University of Southern California,University of Southern California,,USC Digital Library,name,accepted,fully_functional,,9/6/2006 10:10,2006-09
University of South Florida St. Petersburg,University of South Florida St. Petersburg,,USFSP Digital Archive,name,accepted,fully_functional,,4/13/2011 9:09,2011-04
USGS,United States Geological Survey,USGS,USGS Publications Warehouse,name,accepted,fully_functional,,3/25/2019 15:08,2019-03
Universities Space Research Association,Universities Space Research Association,USRA,USRA Houston Repository,name,partially_processed,fully_functional,,2/11/2016 10:40,2016-02
University of Utah,University of Utah,U of U,USpace,acronym,accepted,fully_functional,2005,1/25/2006 15:18,2006-01
University of Tennessee at Chattanooga,University of Tennessee at Chattanooga,,UTC Digital Collections,name,partially_processed,fully_functional,,3/12/2015 12:22,2015-03
University of Tennessee at Chattanooga,University of Tennessee at Chattanooga,,UTC Scholar,name,partially_processed,fully_functional,,3/12/2015 11:58,2015-03
University of Hawai'i at Hilo,University of Hawai'i at Hilo,,Ulukau: The Hawaiian Electronic Library,name,accepted,fully_functional,,9/23/2008 14:14,2008-09
United Nations,United Nations,,United Nations Digital Library Islamabad,name,accepted,technically_malfunctioning,,9/23/2008 16:16,2008-09
Uniformed Services University of the Health Sciences,Uniformed Services University of the Health Sciences,,University Archives,name,partially_processed,fully_functional,,6/10/2015 14:30,2015-06
University of Alabama  Tuscaloosa,"University of Alabama, Tuscaloosa",,University of Alabama Institutional Repository,name,accepted,fully_functional,,3/26/2019 11:49,2019-03
University of Arizona,University of Arizona,UA,University of Arizona Campus Repository,name,accepted,fully_functional,,5/2/2012 9:50,2012-05
University of Chicago,University of Chicago,,University of Chicago Library Digital Activities & Collections,name,accepted,fully_functional,,8/31/2006 14:14,2006-08
University of Cincinnati,University of Cincinnati,,University of Cincinnati Digital Resource Commons,name,accepted,fully_functional,,12/7/2009 13:13,2009-12
University of Delaware,University of Delaware,UD,University of Delaware Library Institutional Repository,name,accepted,fully_functional,2004,1/11/2006 14:39,2006-01
University of Florida,University of Florida,,University of Florida Digital Collections,name,accepted,fully_functional,,9/1/2009 10:10,2009-09
University of Florida,University of Florida,,University of Florida Institutional Repository,name,accepted,fully_functional,,1/7/2008 15:15,2008-01
University of Florida Levin College of Law,University of Florida Levin College of Law,,University of Florida Law Repository,name,partially_processed,fully_functional,,3/13/2015 15:22,2015-03
University of Georgia,University of Georgia,,University of Georgia Electronic Theses and Dissertations,name,accepted,replaced_by_new_url,,8/17/2006 16:16,2006-08
University of Houston,University of Houston,,University of Houston Institutional Repository,name,accepted,fully_functional,,1/29/2019 11:07,2019-01
University of Idaho,University of Idaho,,University of Idaho Library Digital Initiatives,name,partially_processed,fully_functional,,7/12/2013 16:12,2013-07
University of Miami,University of Miami,,University of Miami Libraries Scholarly Repository,name,accepted,fully_functional,,5/8/2014 11:08,2014-05
University of Michigan,University of Michigan,U-M,University of Michigan Library Repository,name,accepted,not_accepting_deposits,1996,10/18/2006 19:19,2006-10
University of Minnesota,University of Minnesota,U of M,University of Minnesota Digital Conservancy,name,accepted,fully_functional,,8/29/2007 10:10,2007-08
University of Minnesota,University of Minnesota,U of M,University of Minnesota IMAGES,name,accepted,fully_functional,,10/12/2006 16:16,2006-10
University of Nevada  Las Vegas,"University of Nevada, Las Vegas",,"University of Nevada, Las Vegas Repository",name,accepted,fully_functional,,4/14/2010 11:11,2010-04
University of Nevada  Reno,"University of Nevada, Reno",,"University of Nevada, Reno ScholarWorks Repository",name,partially_processed,fully_functional,,11/18/2016 15:11,2016-11
University of New Mexico,University of New Mexico,UNM,University of New Mexico Digital Repository,name,accepted,fully_functional,,12/9/2005 11:44,2005-12
University of Oregon,University of Oregon,,University of Oregon Scholars' Bank,name,accepted,fully_functional,,8/18/2006 10:10,2006-08
University of Tampa,University of Tampa,,University of Tampa Institutional Repository,name,partially_processed,fully_functional,,2/28/2018 12:01,2018-02
University of Tennessee,University of Tennessee,,University of Tennessee Sunsite Open Archives Initiative,name,accepted,replaced_by_new_url,,8/18/2006 10:10,2006-08
University of Texas Arlington,University of Texas Arlington,UTA,University of Texas Arlington -- Institutional Repository,name,accepted,fully_functional,,9/30/2008 16:16,2008-09
University of Texas Rio Grande Valley,University of Texas Rio Grande Valley,UTRGV,University of Texas Rio Grande Valley Institutional Repository,name,accepted,fully_functional,,2/7/2019 10:23,2019-02
University of Toledo,University of Toledo,,University of Toledo Digital Repository,name,partially_processed,fully_functional,,2/16/2017 15:19,2017-02
University of Washington,University of Washington,UW,University of Washington Structural Informatics Group Publications,name,accepted,fully_functional,2005,1/2/2006 13:17,2006-01
W.E. Upjohn Institute for Employment Research,W.E. Upjohn Institute for Employment Research,,Upjohn Research,name,accepted,fully_functional,,3/5/2019 15:55,2019-03
California College of the Arts,California College of the Arts,,VAULT,name,partially_processed,fully_functional,,5/3/2016 14:51,2016-05
Virginia Commonwealth University,Virginia Commonwealth University,,VCU Libraries Digital Collections,name,partially_processed,fully_functional,,3/19/2015 10:15,2015-03
Virginia Commonwealth University,Virginia Commonwealth University,,VCU Scholars Compass,name,partially_processed,fully_functional,,3/19/2015 10:26,2015-03
Virginia Polytechnic Institute and State University,Virginia Polytechnic Institute and State University,Virginia Tech,VTechWorks,name,accepted,fully_functional,,6/6/2012 10:42,2012-06
University of Virginia,University of Virginia,,Valley of the Shadow,name,accepted,fully_functional,,8/30/2006 13:13,2006-08
Valparaiso University,Valparaiso University,,ValpoScholar,name,accepted,fully_functional,,11/9/2011 11:11,2011-11
Vanderbilt University,Vanderbilt University,,Vanderbilt Electronic Thesis and Dissertation Archive,name,accepted,fully_functional,,1/4/2006 12:02,2006-01
DePaul University,DePaul University,,Via Sapientiae: The Institutional Repository at DePaul University,name,partially_processed,fully_functional,,9/20/2013 12:01,2013-09
The Honor Society of Nursing  Sigma Theta Tau International,"The Honor Society of Nursing, Sigma Theta Tau International",,Virginia Henderson Global Nursing e-Repository,name,accepted,fully_functional,,6/18/2014 11:38,2014-06
Virginia Polytechnic Institute and State University,Virginia Polytechnic Institute and State University,Virginia Tech,Virginia Tech Digital Library Research Laboratory ePrints,name,accepted,replaced_by_new_url,,8/17/2006 14:14,2006-08
Bridgewater State University,Bridgewater State University,,Virtual Commons - Bridgewater State University,name,accepted,fully_functional,,9/26/2013 12:32,2013-09
University of Virginia,University of Virginia,,Virtual Jamestown,name,accepted,fully_functional,,8/30/2006 13:13,2006-08
Valdosta State University,Valdosta State University,,Vtext Digital Repository,name,accepted,fully_functional,,10/22/2009 9:09,2009-10
College of William and Mary  Williamsburg  VA,"College of William and Mary, Williamsburg, VA",,W&M ScholarWorks,name,accepted,fully_functional,,3/20/2019 10:09,2019-03
Washington State University,Washington State University,WSU,WSU Libraries Digital Collections,name,accepted,not_accepting_deposits,,10/17/2006 21:21,2006-10
Washington Research Library Consortium,Washington Research Library Consortium,WRLC,Washington Research Library Consortium - Digital Collections,name,accepted,fully_functional,,8/3/2006 11:11,2006-08
Washington Research Library Consortium,Washington Research Library Consortium,WRLC,Washington Research Library Consortium Special Collections,name,accepted,fully_functional,,9/15/2011 10:10,2011-09
Wesleyan University,Wesleyan University,,WesScholar,name,accepted,fully_functional,,6/9/2009 11:11,2009-06
Western Washington University,Western Washington University,,Western CEDAR,name,partially_processed,fully_functional,,3/20/2015 14:31,2015-03
Spring Arbor University,Spring Arbor University,,White Library Digital Repository,name,partially_processed,fully_functional,,7/28/2015 12:06,2015-07
Wikimedia Foundation  Inc,"Wikimedia Foundation, Inc",,Wikimedia Commons,name,accepted,fully_functional,,8/18/2014 14:58,2014-08
William &amp; Mary Law School,William &amp; Mary Law School,,William & Mary Law School Scholarship Repository,name,accepted,fully_functional,,11/16/2011 15:15,2011-11
Woodrow Wilson International Center for Scholars,Woodrow Wilson International Center for Scholars,Wilson Centre,Wilson Center Digital Archive,name,accepted,fully_functional,1991,8/27/2006 8:08,2006-08
Wireless U,Wireless U,,Wireless U,name,accepted,technically_malfunctioning,,1/18/2011 11:11,2011-01
Marine Biological Laboratory &amp; Woods Hole Oceanographic Institution,Marine Biological Laboratory &amp; Woods Hole Oceanographic Institution,MBL &amp; WHOI,Woods Hole Open Access Server,name,accepted,fully_functional,,12/9/2005 11:44,2005-12
Swarthmore College,Swarthmore College,,Works,name,partially_processed,fully_functional,,11/10/2016 16:00,2016-11
Yale Law School,Yale Law School,,Yale Law School Legal Scholarship Repository,name,partially_processed,fully_functional,,4/1/2015 14:44,2015-04
Yale University,Yale University,,Yale Medicine Thesis Digital Library,name,accepted,fully_functional,2002,1/23/2006 9:46,2006-01
Yeshiva University,Yeshiva University,,Yeshiva Academic Institutional Repository,name,accepted,fully_functional,,3/4/2019 15:10,2019-03
Cornell University,Cornell University,,arXiv.org e-Print Archive,name,accepted,fully_functional,1991,1/4/2006 14:23,2006-01
Berkeley Electronic Press,Berkeley Electronic Press,Bepress,bepress Legal Repository,name,accepted,fully_functional,,8/25/2006 13:13,2006-08
Cold Spring Harbor Laboratory,Cold Spring Harbor Laboratory,,"bioRxiv,",name,partially_processed,fully_functional,,7/29/2014 11:42,2014-07
University of Minnesota Duluth,University of Minnesota Duluth,UMD,d-Commons,name,partially_processed,fully_functional,,10/30/2013 14:29,2013-10
Indiana University Purdue University  Indianapolis,"Indiana University - Purdue University, Indianapolis",IUPUI,eArchives,name,accepted,fully_functional,,3/11/2008 11:11,2008-03
Cornell University,Cornell University,,eCommons@Cornell,name,accepted,fully_functional,2005,12/12/2005 16:13,2005-12
University of Texas at Dallas,University of Texas at Dallas,UTD,ePublish@UTD,name,accepted,replaced_by_new_url,,8/7/2006 14:14,2006-08
Drake University,Drake University,,eScholarShare at Drake University,name,accepted,fully_functional,,1/4/2006 12:00,2006-01
University of California,University of California,,eScholarship - University of California,name,accepted,fully_functional,2002,1/11/2006 14:23,2006-01
Boston College,Boston College,BC,eScholarship@BC,name,accepted,fully_functional,,1/4/2006 12:01,2006-01
University of Massachusetts Medical School,University of Massachusetts Medical School,UMASS,eScholarship@UMMS,name,accepted,fully_functional,,8/17/2006 13:13,2006-08
University of Hawai'i at Manoa,University of Hawai'i at Manoa,,eVols at University of Hawaii at Manoa,name,accepted,fully_functional,,10/15/2009 10:10,2009-10
Marquette University,Marquette University,,epublications@Marquette,name,accepted,fully_functional,,9/2/2010 10:10,2010-09
Kentucky.gov,Kentucky.gov,,kydl OAI Archive,name,accepted,fully_functional,,9/11/2006 14:14,2006-09
Illinois Institute of Technology,Illinois Institute of Technology,,repository.iit,acronym,partially_processed,fully_functional,,3/11/2015 15:20,2015-03
